<?xml version="1.0" encoding="UTF-8"?>
<manifest identifier="MANIFEST-OPERACIONES-ENTEROS-V18" version="1.0"
    xmlns="http://www.imsproject.org/xsd/imscp_rootv1p1p2"
    xmlns:adlcp="http://www.adlnet.org/xsd/adlcp_rootv1p2"
    xmlns:xsi="http://www.w3.org/2001/XMLSchema-instance"
    xsi:schemaLocation="http://www.imsproject.org/xsd/imscp_rootv1p1p2
    imscp_rootv1p1p2.xsd
    http://www.adlnet.org/xsd/adlcp_rootv1p2 
    adlcp_rootv1p2.xsd">
  <organizations default="ORG-1">
    <organization identifier="ORG-1" structure="hierarchical">
      <title>Operaciones combinadas (enteros) — V18 (división exacta, teclado texto)</title>
      <item identifier="ITEM-1" identifierref="RES-1" isvisible="true">
        <title>Práctica: 15 ejercicios (±10), divisiones exactas</title>
        <adlcp:masteryscore>70</adlcp:masteryscore>
      </item>
    </organization>
  </organizations>
  <resources>
    <resource identifier="RES-1" type="webcontent" adlcp:scormtype="sco" href="index.html">
      <file href="index.html"/>
      <file href="styles.css"/>
      <file href="app.js"/>
      <file href="scorm12.js"/>
    </resource>
  </resources>
</manifest>
